Date,Question,URL,Sentiment
,Verificar Airpods,https://discussions.apple.comhttps://discussions.apple.com/thread/255896719,Neutral
2 hours ago,Left AirPod chirping during use,https://discussions.apple.comhttps://discussions.apple.com/thread/255896515,Neutral
,AirPods Pro right pod is not working,https://discussions.apple.comhttps://discussions.apple.com/thread/255896048,Positive
,Switching airpods max between my devices,https://discussions.apple.comhttps://discussions.apple.com/thread/255896573,Neutral
,Using AirPods Pro 2 on flights.,https://discussions.apple.comhttps://discussions.apple.com/thread/255896519,Neutral
,AirPods Max Noise Cancellation feature is not working,https://discussions.apple.comhttps://discussions.apple.com/thread/255896430,Neutral
,Can’t use my AirPods,https://discussions.apple.comhttps://discussions.apple.com/thread/255896478,Neutral
,Battery and light issues with my right AirPod,https://discussions.apple.comhttps://discussions.apple.com/thread/255896058,Positive
10 hours ago,"Right EarPods does not work, despite making sound when putting in my ear.",https://discussions.apple.comhttps://discussions.apple.com/thread/255864165,Positive
,Airpods issue with PC,https://discussions.apple.comhttps://discussions.apple.com/thread/255896000,Neutral
,How can I prioritize my AirPods over other Bluetooth devices?,https://discussions.apple.comhttps://discussions.apple.com/thread/255893845,Negative
,What causes the flashing Orange/Amber light on AirPods?,https://discussions.apple.comhttps://discussions.apple.com/thread/255895337,Positive
,My AirPods are not announcing calls after iOS 18 update,https://discussions.apple.comhttps://discussions.apple.com/thread/255895501,Neutral
,Unexplained black dirt in AirPod case,https://discussions.apple.comhttps://discussions.apple.com/thread/255895942,Negative
13 hours ago,"Excessive Wind Noise in Right AirPod Only - New Device, Latest Firmware",https://discussions.apple.comhttps://discussions.apple.com/thread/255812258,Positive
16 hours ago,How do I track my lost AirPods 2?,https://discussions.apple.comhttps://discussions.apple.com/thread/255895825,Neutral
,airpod gen 4 case dying very fast,https://discussions.apple.comhttps://discussions.apple.com/thread/255895717,Positive
,Siri not working Apple airpods gen 2,https://discussions.apple.comhttps://discussions.apple.com/thread/255895452,Neutral
1 day ago,Issue with AirPods Pro 2 and iOS 18: Ringtone Volume Extremely Loud,https://discussions.apple.comhttps://discussions.apple.com/thread/255780891,Positive
1 day ago,AirPods 4 ANC - low call volume on MS Teams on Windows 11,https://discussions.apple.comhttps://discussions.apple.com/thread/255775544,Neutral
,AirPods Pro 2 new case sound,https://discussions.apple.comhttps://discussions.apple.com/thread/255895280,Positive
1 day ago,AirPods 4 with ANC not receiving calls on iPhone XS Max,https://discussions.apple.comhttps://discussions.apple.com/thread/255887053,Neutral
1 day ago,Can't hear my iPhone ringing through AirPods,https://discussions.apple.comhttps://discussions.apple.com/thread/255889377,Neutral
1 day ago,My AirPods are stuck on transparency mode after the 18.1 update,https://discussions.apple.comhttps://discussions.apple.com/thread/255832792,Neutral
1 day ago,Locking AirPods,https://discussions.apple.comhttps://discussions.apple.com/thread/255894551,Neutral
,AirPod pros stuck on low volume,https://discussions.apple.comhttps://discussions.apple.com/thread/255895216,Neutral
,Airpods case won’t turn on after being charged,https://discussions.apple.comhttps://discussions.apple.com/thread/255894943,Neutral
,What should I do if my AirPod 4 is not responding?,https://discussions.apple.comhttps://discussions.apple.com/thread/255894263,Neutral
,How to stop someone from connecting to my airpods,https://discussions.apple.comhttps://discussions.apple.com/thread/255894795,Neutral
1 day ago,Airpods Pro 2 noise cancellation worse after firmware update 7A294,https://discussions.apple.comhttps://discussions.apple.com/thread/255774193,Negative
1 day ago,"AirPods Pro 2 Hearing Test fails with ""Unable to classify due to background noise"" error.",https://discussions.apple.comhttps://discussions.apple.com/thread/255820811,Negative
,"The right side of my AirPods pro has a lot of static, whats wrong?",https://discussions.apple.comhttps://discussions.apple.com/thread/255894137,Positive
1 day ago,Missing AirPods 4 with active noise cancellation from Canada Apple Store delivery,https://discussions.apple.comhttps://discussions.apple.com/thread/255894406,Negative
,Airpod pros mic stopped working on facetime,https://discussions.apple.comhttps://discussions.apple.com/thread/255894476,Neutral
,My AirPods pro2 white flash blink continue blink no show my phone popup,https://discussions.apple.comhttps://discussions.apple.com/thread/255894425,Neutral
,AirPods only connect and remain connected in the case,https://discussions.apple.comhttps://discussions.apple.com/thread/255894237,Neutral
,AirPods Max - No sound in left ear,https://discussions.apple.comhttps://discussions.apple.com/thread/255893817,Negative
,AirPods charging sound persists despite device settings,https://discussions.apple.comhttps://discussions.apple.com/thread/255893616,Positive
,AirPods Pro unexpectedly disconnecting from Bluetooth,https://discussions.apple.comhttps://discussions.apple.com/thread/255893899,Positive
,AirPods Pro update required on iPhone 7,https://discussions.apple.comhttps://discussions.apple.com/thread/255894008,Neutral
,AirPods volume low after update,https://discussions.apple.comhttps://discussions.apple.com/thread/255893964,Neutral
1 day ago,Can I use an Equalizer app for custom sound on AirPods Pro 2?,https://discussions.apple.comhttps://discussions.apple.com/thread/255894334,Positive
,AirPods disconnect when removed from case,https://discussions.apple.comhttps://discussions.apple.com/thread/255894340,Neutral
1 day ago,Can’t play sound to locate lost AirPods,https://discussions.apple.comhttps://discussions.apple.com/thread/254968387,Positive
1 day ago,Настройка airpods не завершена. Некоторые функции недоступны. что с этим делать?,https://discussions.apple.comhttps://discussions.apple.com/thread/255892544,Neutral
1 day ago,Why do my AirPods Pro make Popping Noises?,https://discussions.apple.comhttps://discussions.apple.com/thread/255884775,Neutral
2 days ago,Right AirPod not working,https://discussions.apple.comhttps://discussions.apple.com/thread/255894229,Positive
,I’m unable to activate lost mode in my airpods,https://discussions.apple.comhttps://discussions.apple.com/thread/255893290,Negative
2 days ago,AirPods 3 disappeared from Find My after unauthorized connection,https://discussions.apple.comhttps://discussions.apple.com/thread/255892508,Neutral
,Airpods dissociate,https://discussions.apple.comhttps://discussions.apple.com/thread/255891461,Neutral
2 days ago,Does this also work with only the case?,https://discussions.apple.comhttps://discussions.apple.com/thread/255892480,Neutral
,AirPods making crackling sounds,https://discussions.apple.comhttps://discussions.apple.com/thread/255891465,Neutral
,Noise sound in right AirPod after insertion,https://discussions.apple.comhttps://discussions.apple.com/thread/255892242,Positive
,Lower volume of incoming ring without impacting the callers voice while on AirPods,https://discussions.apple.comhttps://discussions.apple.com/thread/255892502,Neutral
,AirPods Pro 2 Noise Canceling volume increase after car passes,https://discussions.apple.comhttps://discussions.apple.com/thread/255892658,Neutral
,airpod max does not connect Bluetooth with iphone,https://discussions.apple.comhttps://discussions.apple.com/thread/255893158,Neutral
,"Airpod Max microphone issue; I can hear music, but when on phone calls the other person can not hear me.",https://discussions.apple.comhttps://discussions.apple.com/thread/255892925,Negative
,AirPods Gen 1 flashing green light and won’t pair,https://discussions.apple.comhttps://discussions.apple.com/thread/255893087,Positive
,airpod pro gen 1 unequal volume and clicking sounds,https://discussions.apple.comhttps://discussions.apple.com/thread/255893208,Neutral
2 days ago,AirPod Pro 2nd not playing sound from Amazon Kindle Audible books,https://discussions.apple.comhttps://discussions.apple.com/thread/255892638,Positive
,AirPods pro 2 hearing test Canada availability,https://discussions.apple.comhttps://discussions.apple.com/thread/255893950,Neutral
2 days ago,how or where I can buy apple airpod pro,https://discussions.apple.comhttps://discussions.apple.com/thread/255893738,Neutral
2 days ago,Are my AirPod Pro’s eligible for a refund or exchange?,https://discussions.apple.comhttps://discussions.apple.com/thread/255893653,Neutral
2 days ago,Пропала возможность отключения режима прозрачности и шумоподавления,https://discussions.apple.comhttps://discussions.apple.com/thread/255822166,Neutral
2 days ago,The case of the AirPods Pro 2 is not showing in the,https://discussions.apple.comhttps://discussions.apple.com/thread/255891509,Neutral
2 days ago,Apple Health shows Hearing Test Unavailable on MacBook Pro M1,https://discussions.apple.comhttps://discussions.apple.com/thread/255893161,Neutral
2 days ago,I found a pair of misplaced AirPods,https://discussions.apple.comhttps://discussions.apple.com/thread/255892977,Negative
3 days ago,AirPods Pro Gen 2 low call volume on MS Teams on Windows 11,https://discussions.apple.comhttps://discussions.apple.com/thread/254924003,Neutral
3 days ago,Is it possible to buy a single AirPod from the Apple Store?,https://discussions.apple.comhttps://discussions.apple.com/thread/255892306,Negative
3 days ago,How to check if my AirPods Pro are fake?,https://discussions.apple.comhttps://discussions.apple.com/thread/255888628,Negative
,My AirPods keep falling out,https://discussions.apple.comhttps://discussions.apple.com/thread/255885924,Neutral
3 days ago,Apple Trade in for AirPods,https://discussions.apple.comhttps://discussions.apple.com/thread/255887108,Neutral
3 days ago,"My iPhone shows ""Unknown Devices"" when trying to pair AirPods",https://discussions.apple.comhttps://discussions.apple.com/thread/255887273,Negative
3 days ago,Is the noise cancelling function in AirPods 4 the same as in AirPods Pro 2?,https://discussions.apple.comhttps://discussions.apple.com/thread/255889171,Neutral
3 days ago,How to safely remove stuck earpiece from AirPods 2?,https://discussions.apple.comhttps://discussions.apple.com/thread/255891891,Positive
3 days ago,Whistling sound in left AirPod 4,https://discussions.apple.comhttps://discussions.apple.com/thread/255891492,Positive
3 days ago,Hearing test option not showing up on Sequoia 15.1,https://discussions.apple.comhttps://discussions.apple.com/thread/255824740,Neutral
3 days ago,AirPods Pro won't connect nor display lights,https://discussions.apple.comhttps://discussions.apple.com/thread/255891871,Neutral
3 days ago,How can I improve the Transparency Mode on my AirPods?,https://discussions.apple.comhttps://discussions.apple.com/thread/255877696,Neutral
3 days ago,AirPods bought from Big W are not connecting to iPhone,https://discussions.apple.comhttps://discussions.apple.com/thread/255891703,Neutral
4 days ago,How can I identify fake AirPods?,https://discussions.apple.comhttps://discussions.apple.com/thread/255891549,Negative
4 days ago,Panasonic cordless phone not detecting AirPods,https://discussions.apple.comhttps://discussions.apple.com/thread/255888603,Neutral
,Siri not responding on AirPods after iOS 18.2 update,https://discussions.apple.comhttps://discussions.apple.com/thread/255891355,Neutral
,AirPod warranty expire date,https://discussions.apple.comhttps://discussions.apple.com/thread/255891358,Neutral
4 days ago,How can I prevent incorrect notifications from Find My?,https://discussions.apple.comhttps://discussions.apple.com/thread/255889710,Neutral
,How do I charge my new AirPods 4? The case is charged.,https://discussions.apple.comhttps://discussions.apple.com/thread/255891141,Positive
4 days ago,Reconnecting airpod 3rd generation after replacing right side,https://discussions.apple.comhttps://discussions.apple.com/thread/255888566,Positive
4 days ago,AirPods firrmware not updating not connecting,https://discussions.apple.comhttps://discussions.apple.com/thread/255888472,Neutral
4 days ago,AirPods disappear from battery widget after lid is closed,https://discussions.apple.comhttps://discussions.apple.com/thread/255888571,Negative
4 days ago,My iPhone unable to verify AirPods,https://discussions.apple.comhttps://discussions.apple.com/thread/255889562,Negative
4 days ago,Airpod pro need to renew apple care,https://discussions.apple.comhttps://discussions.apple.com/thread/255888891,Neutral
4 days ago,airpods pro 1st gen static in one ear,https://discussions.apple.comhttps://discussions.apple.com/thread/255889708,Positive
4 days ago,How to fix the Batteries Widget not showing AirPods Case Status?,https://discussions.apple.comhttps://discussions.apple.com/thread/255890141,Neutral
,Customizing audio settings for AirPods and Beats headphones,https://discussions.apple.comhttps://discussions.apple.com/thread/255890757,Neutral
,"В локаторе пишет, что настройка airpods не завершена и несоответствие airpods",https://discussions.apple.comhttps://discussions.apple.com/thread/255889186,Neutral
,AirPods causing connection problems,https://discussions.apple.comhttps://discussions.apple.com/thread/255888211,Neutral
,"is the airpods pro 2, mfg. On 11/2024",https://discussions.apple.comhttps://discussions.apple.com/thread/255890599,Neutral
,AirPods Max USB-C charging cable usage,https://discussions.apple.comhttps://discussions.apple.com/thread/255890237,Neutral
4 days ago,AirPods Pro (2nd gen) location not updating in Find My app,https://discussions.apple.comhttps://discussions.apple.com/thread/255889046,Neutral
,AirPods Max losing device connection history after replacement,https://discussions.apple.comhttps://discussions.apple.com/thread/255890132,Neutral
5 days ago,I dropped my AirPods and now they don’t work,https://discussions.apple.comhttps://discussions.apple.com/thread/255890053,Neutral
5 days ago,AirPods Pro 2 sound very glitchy,https://discussions.apple.comhttps://discussions.apple.com/thread/255889742,Positive
5 days ago,Airpods Setup Incomplete and Airpods Mismatch in Find My App,https://discussions.apple.comhttps://discussions.apple.com/thread/255849523,Neutral
5 days ago,AirPods location not updating after leaving home,https://discussions.apple.comhttps://discussions.apple.com/thread/255889623,Neutral
5 days ago,How do I track my lost AirPods?,https://discussions.apple.comhttps://discussions.apple.com/thread/255889541,Neutral
5 days ago,Replacement AirPods won’t connect to my case,https://discussions.apple.comhttps://discussions.apple.com/thread/255889844,Neutral
5 days ago,How do I block random airpod connection requests?,https://discussions.apple.comhttps://discussions.apple.com/thread/255889569,Negative
5 days ago,How to check if AirPods Pro 2 Lightning are Genuine,https://discussions.apple.comhttps://discussions.apple.com/thread/255888788,Positive
5 days ago,AirPods notifications not working,https://discussions.apple.comhttps://discussions.apple.com/thread/255889317,Neutral
5 days ago,Уведомление об обнаружении чужих AirPods,https://discussions.apple.comhttps://discussions.apple.com/thread/255889227,Neutral
5 days ago,How do I disable opening noise on AirPods Pro 2,https://discussions.apple.comhttps://discussions.apple.com/thread/255889215,Neutral
5 days ago,How to verify AppleCare coverage for AirPods,https://discussions.apple.comhttps://discussions.apple.com/thread/255889025,Neutral
6 days ago,After iOS 18.1 incoming call notifications are very low on Airpods Pro 2,https://discussions.apple.comhttps://discussions.apple.com/thread/255828766,Neutral
6 days ago,How to identify fake AirPods,https://discussions.apple.comhttps://discussions.apple.com/thread/255888672,Negative
6 days ago,AirPods Max stuttering with Death Stranding on MacBook Pro and external display,https://discussions.apple.comhttps://discussions.apple.com/thread/255884807,Neutral
6 days ago,Airpod pro 2 doesnt work for pubg anymore after ios 18 update,https://discussions.apple.comhttps://discussions.apple.com/thread/255769309,Neutral
6 days ago,Dizziness and vertigo with AirPods noise cancellation,https://discussions.apple.comhttps://discussions.apple.com/thread/255887145,Neutral
6 days ago,Airpods not working properly,https://discussions.apple.comhttps://discussions.apple.com/thread/255840872,Neutral
,AirPods Pro 2 case make sounds intermittently and then stop,https://discussions.apple.comhttps://discussions.apple.com/thread/255887557,Neutral
6 days ago,Hearing pods cutting out during use on iPhone,https://discussions.apple.comhttps://discussions.apple.com/thread/255888046,Negative
6 days ago,How can I stop the return process for my AirPods 4?,https://discussions.apple.comhttps://discussions.apple.com/thread/255888011,Neutral
6 days ago,AirPods Pro 2 not ringing for incoming calls,https://discussions.apple.comhttps://discussions.apple.com/thread/255888042,Neutral
6 days ago,AirPod FindMy volume too low,https://discussions.apple.comhttps://discussions.apple.com/thread/255887786,Neutral
1 week ago,why wont my airpod pros generation 2 work when the case dies?,https://discussions.apple.comhttps://discussions.apple.com/thread/255887409,Neutral
1 week ago,AirPods not transmitting audio during phone calls on iPhone 15 Pro Max,https://discussions.apple.comhttps://discussions.apple.com/thread/255885286,Neutral
,airpods - connect to this iphone settings,https://discussions.apple.comhttps://discussions.apple.com/thread/255885531,Neutral
1 week ago,How to FULLY stop AirPods from automatically connecting to Mac.,https://discussions.apple.comhttps://discussions.apple.com/thread/254782773,Neutral
1 week ago,Right Airpod Fails When Outdoors,https://discussions.apple.comhttps://discussions.apple.com/thread/255886042,Negative
1 week ago,AirPods connection issues after iOS 18 Update,https://discussions.apple.comhttps://discussions.apple.com/thread/255758915,Neutral
1 week ago,airpods pop up didn’t showed up in ios 18.2,https://discussions.apple.comhttps://discussions.apple.com/thread/255886987,Neutral
1 week ago,Airpods Max USB C Headband Detachment Issue,https://discussions.apple.comhttps://discussions.apple.com/thread/255885913,Neutral
1 week ago,Comparing AirPods Trim Levels: Best and Highest Quality,https://discussions.apple.comhttps://discussions.apple.com/thread/255886508,Positive
1 week ago,AirPods Pro 2 making clicking sounds,https://discussions.apple.comhttps://discussions.apple.com/thread/255885314,Neutral
1 week ago,apple still hasn't processed my order,https://discussions.apple.comhttps://discussions.apple.com/thread/255886293,Neutral
1 week ago,Not receiving low battery notifications on AirPod Pro anymore,https://discussions.apple.comhttps://discussions.apple.com/thread/255885712,Neutral
1 week ago,airpods pro 2 gen are turning off by them selfs in transparency mode,https://discussions.apple.comhttps://discussions.apple.com/thread/255885517,Neutral
1 week ago,airpods kayıp,https://discussions.apple.comhttps://discussions.apple.com/thread/255885378,Neutral
1 week ago,AirPod Pro Hearing Protection Gun Range,https://discussions.apple.comhttps://discussions.apple.com/thread/255885206,Neutral
1 week ago,Unable to use the Precision Finding feature with my AirPods Pro 2,https://discussions.apple.comhttps://discussions.apple.com/thread/255885209,Negative
1 week ago,charging tips for 2024 airpod pros now have a black residue?,https://discussions.apple.comhttps://discussions.apple.com/thread/255885159,Negative
1 week ago,i can not retest my hearing with my new airpod prod,https://discussions.apple.comhttps://discussions.apple.com/thread/255885148,Positive
1 week ago,How to track my AirPods Pro?,https://discussions.apple.comhttps://discussions.apple.com/thread/255885395,Neutral
1 week ago,Why can't I control AirPods volume on Apple TV?,https://discussions.apple.comhttps://discussions.apple.com/thread/255884593,Neutral
1 week ago,How do I order a new charging case for my AirPods Pro 2?,https://discussions.apple.comhttps://discussions.apple.com/thread/255884661,Positive
1 week ago,AirPods 4 sound extremely quiet on Zoom and Teams,https://discussions.apple.comhttps://discussions.apple.com/thread/255787838,Positive
,левый наушник в режиме прозрачности тише чем правый,https://discussions.apple.comhttps://discussions.apple.com/thread/255884944,Neutral
,AirPods and AirPod case not charging or connecting,https://discussions.apple.comhttps://discussions.apple.com/thread/255883726,Neutral
,Permanently disable adaptive transparency mode on AirPods Pro 2,https://discussions.apple.comhttps://discussions.apple.com/thread/255883051,Neutral
,AirPods Silent When Switching to Mac Manually,https://discussions.apple.comhttps://discussions.apple.com/thread/255883751,Neutral
,"My usual sound on my headphones has disappeared, I only have noise cancellation and adaptive sound",https://discussions.apple.comhttps://discussions.apple.com/thread/255883812,Positive
1 week ago,do Argos sell fake usb c airpods pro 2?,https://discussions.apple.comhttps://discussions.apple.com/thread/255882058,Negative
1 week ago,Why do my AirPods 4 sound low during Teams calls?,https://discussions.apple.comhttps://discussions.apple.com/thread/255785254,Positive
1 week ago,Why is the sound glitching to my airpod maxs if i just got them a week ago,https://discussions.apple.comhttps://discussions.apple.com/thread/255883847,Positive
1 week ago,How do I remove AirPods from my iPhone device list?,https://discussions.apple.comhttps://discussions.apple.com/thread/255878311,Neutral
1 week ago,Why do my AirPods switch to my Mac automatically?,https://discussions.apple.comhttps://discussions.apple.com/thread/255881292,Neutral
1 week ago,Airpods STILL connecting while in the case,https://discussions.apple.comhttps://discussions.apple.com/thread/255884428,Neutral
1 week ago,AirPods not connecting to new iPhone 15 Pro Max,https://discussions.apple.comhttps://discussions.apple.com/thread/255882132,Positive
1 week ago,What does a Flashing Amber light mean on AirPods Pro?,https://discussions.apple.comhttps://discussions.apple.com/thread/255805139,Positive
1 week ago,Do you use your AirPods during exercise?,https://discussions.apple.comhttps://discussions.apple.com/thread/255883167,Neutral
1 week ago,AirPods Pro 2 no Sound with Samsung TV -,https://discussions.apple.comhttps://discussions.apple.com/thread/254230766,Negative
1 week ago,the hearing aid settings won't come up in my AirPods settings,https://discussions.apple.comhttps://discussions.apple.com/thread/255883943,Neutral
1 week ago,Airpod Max’s keep disconnecting and glitches,https://discussions.apple.comhttps://discussions.apple.com/thread/255884029,Neutral
1 week ago,How to disable Hearing Aid features on AirPods?,https://discussions.apple.comhttps://discussions.apple.com/thread/255883139,Neutral
1 week ago,AirPods Pro High Pitched Noise,https://discussions.apple.comhttps://discussions.apple.com/thread/250881984,Positive
1 week ago,Airpod touch controls (except noise cancellation) don't work,https://discussions.apple.comhttps://discussions.apple.com/thread/255883248,Neutral
1 week ago,AirPods pro snap to half volume after connecting to the Mac,https://discussions.apple.comhttps://discussions.apple.com/thread/255883388,Negative
1 week ago,Charger case compatibility for AirPods,https://discussions.apple.comhttps://discussions.apple.com/thread/255883036,Neutral
1 week ago,High Frequency 'snap' with Airpods Pro,https://discussions.apple.comhttps://discussions.apple.com/thread/255883291,Positive
1 week ago,"AirPods Pro 2 hearing test ""error has occurred""",https://discussions.apple.comhttps://discussions.apple.com/thread/255824840,Neutral
1 week ago,Broken right AirPod sound on iPods pro,https://discussions.apple.comhttps://discussions.apple.com/thread/255883223,Positive
1 week ago,Tinnitus and AirPod use. Does it go away with discontinued use?,https://discussions.apple.comhttps://discussions.apple.com/thread/255883144,Neutral
1 week ago,How to check AirPods serial number - Real or Fake?,https://discussions.apple.comhttps://discussions.apple.com/thread/254709554,Negative
1 week ago,AirPods Pro 2 vs. AirPods Pro?,https://discussions.apple.comhttps://discussions.apple.com/thread/255754312,Neutral
1 week ago,AirPod Pro Gen 2 and Kindle - not working,https://discussions.apple.comhttps://discussions.apple.com/thread/255870222,Neutral
1 week ago,Spatial audio not working on Iphone 13,https://discussions.apple.comhttps://discussions.apple.com/thread/255882955,Neutral
1 week ago,My left AirPod is draining faster than the right one,https://discussions.apple.comhttps://discussions.apple.com/thread/255882944,Positive
1 week ago,New AirPods 2 Pro connection problems,https://discussions.apple.comhttps://discussions.apple.com/thread/255850202,Positive
1 week ago,Tinnitus after using AirPods Pro 2,https://discussions.apple.comhttps://discussions.apple.com/thread/255843380,Neutral
1 week ago,How can I find my AirPods PIN code while pairing?,https://discussions.apple.comhttps://discussions.apple.com/thread/255882862,Neutral
1 week ago,No audio is coming through AirPods 4 while conecting to Samsung TV (model QE65Q70),https://discussions.apple.comhttps://discussions.apple.com/thread/255882689,Neutral
1 week ago,AirPods don’t appear in find my iPhone,https://discussions.apple.comhttps://discussions.apple.com/thread/255882358,Neutral
1 week ago,Air Pods 2 won't connect to MP3 Player YFFiZQ,https://discussions.apple.comhttps://discussions.apple.com/thread/255882010,Neutral
1 week ago,How can I identify the owner of found AirPods?,https://discussions.apple.comhttps://discussions.apple.com/thread/255882354,Neutral
1 week ago,Why do my AirPods keep disconnecting from my iPhone 13?,https://discussions.apple.comhttps://discussions.apple.com/thread/255881534,Neutral
1 week ago,"Why is my iPhone showing ""Not Your AirPods Pro"" popup?",https://discussions.apple.comhttps://discussions.apple.com/thread/255881564,Neutral
1 week ago,"What causes the ""Unable to control microphone"" error when AirPods are connected to my Mac?",https://discussions.apple.comhttps://discussions.apple.com/thread/255882466,Negative
1 week ago,My AirPods Pro don't fit well to my ears,https://discussions.apple.comhttps://discussions.apple.com/thread/255882501,Positive
1 week ago,I dropped my AirPod in my pool,https://discussions.apple.comhttps://discussions.apple.com/thread/255882594,Neutral
1 week ago,How to disable transparency mode for my AirPods?,https://discussions.apple.comhttps://discussions.apple.com/thread/255855452,Neutral
1 week ago,Are AirPods Pro 1 on Recall from Apple?,https://discussions.apple.comhttps://discussions.apple.com/thread/255882098,Neutral
1 week ago,Airpods playing out of wrong speaker,https://discussions.apple.comhttps://discussions.apple.com/thread/255882248,Negative
,Random chirping in AirPods Pro 2.,https://discussions.apple.comhttps://discussions.apple.com/thread/255881979,Negative
1 week ago,Air Pods 4 sound louder in the left earpiece than in the right,https://discussions.apple.comhttps://discussions.apple.com/thread/255881908,Positive
,How to create Shortcuts to detect Airpod connection?,https://discussions.apple.comhttps://discussions.apple.com/thread/255881957,Neutral
1 week ago,Disconnecting gifted AirPods from deceased friend's account,https://discussions.apple.comhttps://discussions.apple.com/thread/255881937,Positive
1 week ago,Safari playing audio through AirPods makes fluttering sound,https://discussions.apple.comhttps://discussions.apple.com/thread/255881873,Positive
1 week ago,Disconnecting previous Apple Account from refurbished AirPods 3,https://discussions.apple.comhttps://discussions.apple.com/thread/255881835,Negative
1 week ago,Help my AirPod find my is not working,https://discussions.apple.comhttps://discussions.apple.com/thread/255881824,Neutral
,Issue with the Microphone Volume Low on my AirPods 3,https://discussions.apple.comhttps://discussions.apple.com/thread/255881570,Neutral
1 week ago,Is the option to add your audogram test to Airpod Pros to customise the sound coming back?,https://discussions.apple.comhttps://discussions.apple.com/thread/255881427,Positive
1 week ago,AirPod case not charging and beeping,https://discussions.apple.comhttps://discussions.apple.com/thread/255879026,Neutral
1 week ago,Is transparency mode cutting out still an issue? It is for me.,https://discussions.apple.comhttps://discussions.apple.com/thread/255878437,Negative
1 week ago,White blinking AirPods not connecting to iPhone,https://discussions.apple.comhttps://discussions.apple.com/thread/255881357,Neutral
1 week ago,I can't update firmware on my Airpods Pro A2084 and they still are on Version 5B58. Need help,https://discussions.apple.comhttps://discussions.apple.com/thread/255879926,Neutral
1 week ago,Airpods Pro 2 A3047 do not Ring!,https://discussions.apple.comhttps://discussions.apple.com/thread/255874297,Neutral
1 week ago,Possibly bought stolen AirPods,https://discussions.apple.comhttps://discussions.apple.com/thread/255881034,Neutral
1 week ago,"My hearing test keeps saying ""unable to Connect to Airpods"" even though they are connected",https://discussions.apple.comhttps://discussions.apple.com/thread/255880118,Negative
1 week ago,Can I return AirPod 4 without the box?,https://discussions.apple.comhttps://discussions.apple.com/thread/255880845,Neutral
1 week ago,How to return the lost AirPods to its owner?,https://discussions.apple.comhttps://discussions.apple.com/thread/255880854,Neutral
1 week ago,Right Air Pod makes a chirp,https://discussions.apple.comhttps://discussions.apple.com/thread/255880675,Positive
1 week ago,How do I remove AirPods from Lost Mode?,https://discussions.apple.comhttps://discussions.apple.com/thread/255880993,Neutral
,How to stop hearing myself when using AirPods 2 Listen Live,https://discussions.apple.comhttps://discussions.apple.com/thread/255880875,Positive
1 week ago,One airpod is louder than the other,https://discussions.apple.comhttps://discussions.apple.com/thread/255880818,Negative
1 week ago,Which is the last update of AirPods 2nd Generation?,https://discussions.apple.comhttps://discussions.apple.com/thread/255880471,Neutral
1 week ago,AirPod Max squeaks when I turn my head,https://discussions.apple.comhttps://discussions.apple.com/thread/255880442,Neutral
1 week ago,IOS18/airpods won’t read text messages.,https://discussions.apple.comhttps://discussions.apple.com/thread/255880569,Neutral
1 week ago,Airpod Pros muffled microphone,https://discussions.apple.comhttps://discussions.apple.com/thread/255880266,Neutral
1 week ago,The hearing test does not show up on my iPhone 11 after iOS 18.1.1 update,https://discussions.apple.comhttps://discussions.apple.com/thread/255880355,Neutral
1 week ago,Airpods ear tip for test,https://discussions.apple.comhttps://discussions.apple.com/thread/255879985,Neutral
1 week ago,Never received Air Pods,https://discussions.apple.comhttps://discussions.apple.com/thread/255880105,Neutral
1 week ago,Lost AirPod Pro case on find my iPhone but battery widget is showing it is charged.,https://discussions.apple.comhttps://discussions.apple.com/thread/255879856,Neutral
1 week ago,I can't update firmware on my Airpods Pro A2084 and they still are on Version 5B58. Need help,https://discussions.apple.comhttps://discussions.apple.com/thread/255879928,Neutral
1 week ago,How to find owner of lost AirPods?,https://discussions.apple.comhttps://discussions.apple.com/thread/255864157,Neutral
1 week ago,Report a reseller in South Africa,https://discussions.apple.comhttps://discussions.apple.com/thread/255879662,Neutral
1 week ago,Unable to hear incoming calls on my AirPods Pro 2,https://discussions.apple.comhttps://discussions.apple.com/thread/255876549,Negative
1 week ago,AirPods Pro 2 not ringing on inbound calls,https://discussions.apple.comhttps://discussions.apple.com/thread/255878428,Neutral
1 week ago,no ANC on theAirPods Pro 2,https://discussions.apple.comhttps://discussions.apple.com/thread/255879355,Neutral
1 week ago,"i found a airpods in london bus but i dont know about the owner , how can i find a owner",https://discussions.apple.comhttps://discussions.apple.com/thread/255879652,Neutral
1 week ago,Find lost AirPod with case,https://discussions.apple.comhttps://discussions.apple.com/thread/255879255,Neutral
1 week ago,Replacement AirPod won’t connect,https://discussions.apple.comhttps://discussions.apple.com/thread/255879131,Neutral
1 week ago,I buy a AirPods 4,https://discussions.apple.comhttps://discussions.apple.com/thread/255879322,Neutral
1 week ago,One of the AirPod lost with case,https://discussions.apple.comhttps://discussions.apple.com/thread/255879237,Neutral
1 week ago,What if my AirPods not making a sound even though it’s connected,https://discussions.apple.comhttps://discussions.apple.com/thread/255879236,Positive
1 week ago,No Location Found for AirPods in Find My App,https://discussions.apple.comhttps://discussions.apple.com/thread/255879179,Neutral
1 week ago,airpods 2 pro only one side working when in hearing assist mode,https://discussions.apple.comhttps://discussions.apple.com/thread/255851405,Neutral
1 week ago,AirPods 4 charging discrepancy,https://discussions.apple.comhttps://discussions.apple.com/thread/255878770,Neutral
1 week ago,"I want to connect my airpods max (new, with USB-C) to music keyboard with a cable",https://discussions.apple.comhttps://discussions.apple.com/thread/255843034,Positive
1 week ago,Will newest version of Airpod Max (USB-C) support wired playback?,https://discussions.apple.comhttps://discussions.apple.com/thread/255775862,Neutral
1 week ago,Found a Right Side Airpod Pro 2nd Gen,https://discussions.apple.comhttps://discussions.apple.com/thread/255878447,Positive
1 week ago,AirPods reset not working,https://discussions.apple.comhttps://discussions.apple.com/thread/255878215,Neutral
1 week ago,Is AppleCare for my AirPods Pro 2 monthly or yearly?,https://discussions.apple.comhttps://discussions.apple.com/thread/255877782,Neutral
1 week ago,AirPods Pro Gen 2 charging issue and missing pinging sound,https://discussions.apple.comhttps://discussions.apple.com/thread/255877205,Positive
,Find my network is not listed under Bluetooth settings or even the specific Bluetooth device,https://discussions.apple.comhttps://discussions.apple.com/thread/255877412,Neutral
1 week ago,my airpods location is shown in find my app but the find nearby keep loading when i use it,https://discussions.apple.comhttps://discussions.apple.com/thread/255878327,Neutral
1 week ago,Persistent USB-C Connection Issue with AirPods Pro 2nd Gen Case,https://discussions.apple.comhttps://discussions.apple.com/thread/255878332,Neutral
1 week ago,Looking for airpods pro2 right side,https://discussions.apple.comhttps://discussions.apple.com/thread/255878313,Positive
1 week ago,Left Beats earbud making static noise,https://discussions.apple.comhttps://discussions.apple.com/thread/255878254,Positive
1 week ago,.how to fix AirPod Max if they won’t work when they’re off the charger,https://discussions.apple.comhttps://discussions.apple.com/thread/255876248,Neutral
1 week ago,Weird Sound Coming From AirPods After Put In Case,https://discussions.apple.comhttps://discussions.apple.com/thread/255877577,Negative
1 week ago,How to fix sound volume issue on my AirPods Pro 2?,https://discussions.apple.comhttps://discussions.apple.com/thread/255877522,Positive
1 week ago,Why my AirPods are not showing in the Apple Account devices list?,https://discussions.apple.comhttps://discussions.apple.com/thread/255877470,Neutral
1 week ago,Find My iPhone not showing last known location for lost AirPods,https://discussions.apple.comhttps://discussions.apple.com/thread/255877974,Neutral
1 week ago,My AirPods 4 battery draining faster than usual,https://discussions.apple.comhttps://discussions.apple.com/thread/255877866,Negative
1 week ago,I lost my AirPod case how could I find it,https://discussions.apple.comhttps://discussions.apple.com/thread/255877828,Neutral
1 week ago,Will my IPhone 12 Max Pro work the Aip Pod 2 hearing aid option?,https://discussions.apple.comhttps://discussions.apple.com/thread/255877785,Neutral
1 week ago,Return policy on airpods,https://discussions.apple.comhttps://discussions.apple.com/thread/255877789,Neutral
1 week ago,problems with microphone and firmware,https://discussions.apple.comhttps://discussions.apple.com/thread/255877097,Neutral
,AirPods continue to connect automatically,https://discussions.apple.comhttps://discussions.apple.com/thread/255877117,Neutral
,Why Nike Run Club announcements don’t play through AirPods?,https://discussions.apple.comhttps://discussions.apple.com/thread/255871597,Neutral
,Is there a magsafe charger for Airpods2 Model A2031?,https://discussions.apple.comhttps://discussions.apple.com/thread/255877595,Neutral
1 week ago,AirPods Pro 2 hearing test screen disappears after clicking Start Test,https://discussions.apple.comhttps://discussions.apple.com/thread/255877211,Neutral
1 week ago,Iphone 16 not discovering my old AirPod Max,https://discussions.apple.comhttps://discussions.apple.com/thread/255877109,Positive
1 week ago,"AirPods 4 icon on mac looks like headphones, not earbuds",https://discussions.apple.comhttps://discussions.apple.com/thread/255877421,Neutral
2 weeks ago,My airpod start music when i take them how can i avoid that please ?,https://discussions.apple.comhttps://discussions.apple.com/thread/255876342,Neutral
2 weeks ago,Airpods 4 ANC Case Scratches,https://discussions.apple.comhttps://discussions.apple.com/thread/255877272,Neutral
2 weeks ago,Can I charge my AirPods 2nd Gen after a year of not using them?,https://discussions.apple.comhttps://discussions.apple.com/thread/255877192,Neutral
2 weeks ago,Why is the volume on my AirPods so low?,https://discussions.apple.comhttps://discussions.apple.com/thread/255050914,Neutral
2 weeks ago,AirPods Pro 2 not showing up in Find My devices,https://discussions.apple.comhttps://discussions.apple.com/thread/255839080,Neutral
2 weeks ago,Airpod 2 not connecting to phone,https://discussions.apple.comhttps://discussions.apple.com/thread/255876903,Neutral
2 weeks ago,"airpods gen 2, running out of battery almost instantly.",https://discussions.apple.comhttps://discussions.apple.com/thread/255876854,Neutral
2 weeks ago,How do I find my lost AirPods?,https://discussions.apple.comhttps://discussions.apple.com/thread/255876846,Neutral
2 weeks ago,Can’t connect my AirPod 1 model,https://discussions.apple.comhttps://discussions.apple.com/thread/255876677,Neutral
2 weeks ago,Airpods pro 2 phone calls cutting in sound,https://discussions.apple.comhttps://discussions.apple.com/thread/255876734,Negative
2 weeks ago,Airpod Pro 2 Noise cancelling not working,https://discussions.apple.comhttps://discussions.apple.com/thread/255876245,Neutral
2 weeks ago,One AirPod using optimized charging and the other is not,https://discussions.apple.comhttps://discussions.apple.com/thread/255876287,Negative
2 weeks ago,Prompting AirPods Pro,https://discussions.apple.comhttps://discussions.apple.com/thread/255876395,Neutral
2 weeks ago,AirPods settings and Find My showing up on another iCloud iPhone instead of the iPhone I set them up on,https://discussions.apple.comhttps://discussions.apple.com/thread/255876422,Neutral
2 weeks ago,"Need to get a new right AirPod pro, is that possible",https://discussions.apple.comhttps://discussions.apple.com/thread/255876467,Positive
2 weeks ago,Found AirPod second generation on VT Maroon Bay 8,https://discussions.apple.comhttps://discussions.apple.com/thread/255876420,Neutral
2 weeks ago,Unable to do Hearing Test on my iPhone 12 Pro with AirPods Pro 2,https://discussions.apple.comhttps://discussions.apple.com/thread/255876016,Negative
2 weeks ago,AirPods Pro 2 Disconnecting from account randomly,https://discussions.apple.comhttps://discussions.apple.com/thread/255875064,Negative
2 weeks ago,Can't track my AirPods by IMEI on Apple website,https://discussions.apple.comhttps://discussions.apple.com/thread/255875911,Neutral
2 weeks ago,Chirp in my right apple air pod 2 every couple of minutes,https://discussions.apple.comhttps://discussions.apple.com/thread/255876187,Positive
2 weeks ago,AirPods Pro 2 - Voice Issues,https://discussions.apple.comhttps://discussions.apple.com/thread/255876155,Neutral
2 weeks ago,Unverified AirPods connected to Find My App,https://discussions.apple.comhttps://discussions.apple.com/thread/255876158,Neutral
2 weeks ago,Sound quality strangely reverb-y,https://discussions.apple.comhttps://discussions.apple.com/thread/255876106,Positive
2 weeks ago,AirPods 4 - audio switches to 24kHz when talking,https://discussions.apple.comhttps://discussions.apple.com/thread/255875912,Neutral
2 weeks ago,How to increase volume of AirPods in a Teams session on Windows,https://discussions.apple.comhttps://discussions.apple.com/thread/255874333,Neutral
2 weeks ago,Influence of tinnitus on hearing test outcome using AirPods Pro 2,https://discussions.apple.comhttps://discussions.apple.com/thread/255873868,Neutral
2 weeks ago,Call announcing voice is very low and can barely hear who’s calling thru the AirPod Pro 2,https://discussions.apple.comhttps://discussions.apple.com/thread/255858588,Positive
2 weeks ago,"Did the latest firmware update (Nov 11, 2024) cause my noise cancellation to quit working on AirPods 4 with ANC?",https://discussions.apple.comhttps://discussions.apple.com/thread/255874955,Positive
2 weeks ago,EarPods Lightning Cable Connection Issue,https://discussions.apple.comhttps://discussions.apple.com/thread/255875799,Neutral
2 weeks ago,AirPods Pros Gen 1 Flashing white on its own then flashing amber then white repeaditly,https://discussions.apple.comhttps://discussions.apple.com/thread/255875678,Positive
2 weeks ago,Very Faint Black Smudges on AirPods Pro 2nd Generation?,https://discussions.apple.comhttps://discussions.apple.com/thread/255875125,Negative
2 weeks ago,Air Pod Pro 1st gen static - apple store refused to sell me a replacement,https://discussions.apple.comhttps://discussions.apple.com/thread/255874998,Positive
2 weeks ago,Fix for one pair of AirPods being quiter while sharing audio,https://discussions.apple.comhttps://discussions.apple.com/thread/255875556,Neutral
2 weeks ago,Right AirPod issue,https://discussions.apple.comhttps://discussions.apple.com/thread/255874902,Positive
2 weeks ago,My airpods dont show up light until I plugged in the charge,https://discussions.apple.comhttps://discussions.apple.com/thread/255874934,Positive
2 weeks ago,AirPods back button not working,https://discussions.apple.comhttps://discussions.apple.com/thread/255874977,Neutral
2 weeks ago,AirPods Pro 2 USB-C - Legit? Costco and Walmart different boxes?,https://discussions.apple.comhttps://discussions.apple.com/thread/255875489,Neutral
2 weeks ago,What can I do about my stolen AirPods?,https://discussions.apple.comhttps://discussions.apple.com/thread/255875391,Neutral
2 weeks ago,Can I fix my water damaged AirPods?,https://discussions.apple.comhttps://discussions.apple.com/thread/255875210,Neutral
2 weeks ago,Simply deactivate Bluetooth when air pods pro 2 go to hearing aid,https://discussions.apple.comhttps://discussions.apple.com/thread/255875227,Neutral
2 weeks ago,Why do my AirPods Pro keep disconnecting?,https://discussions.apple.comhttps://discussions.apple.com/thread/255875132,Neutral
2 weeks ago,What does a flashing amber light mean on AirPods Pro?,https://discussions.apple.comhttps://discussions.apple.com/thread/255874910,Positive
2 weeks ago,Why do my AirPods Pro 2 make a robotic sound?,https://discussions.apple.comhttps://discussions.apple.com/thread/255874221,Positive
2 weeks ago,Can I return AirPods if they have a name engraved?,https://discussions.apple.comhttps://discussions.apple.com/thread/255874909,Neutral
2 weeks ago,How do I verify AirPods Serial number,https://discussions.apple.comhttps://discussions.apple.com/thread/255875069,Neutral
2 weeks ago,why do my airpods max appear connected on bluetooth but no sound comes out i cant change mode and volume,https://discussions.apple.comhttps://discussions.apple.com/thread/255875054,Negative
2 weeks ago,After a few seconds my right AirPods lowers the volume,https://discussions.apple.comhttps://discussions.apple.com/thread/255873472,Positive
2 weeks ago,Bug Report: Transparency Mode Sound issue and Crash caused by white noise.,https://discussions.apple.comhttps://discussions.apple.com/thread/255853045,Positive
2 weeks ago,AirPods making beeping sound on facetime,https://discussions.apple.comhttps://discussions.apple.com/thread/255874719,Positive
2 weeks ago,"Airpods won't go off noise control, default is transparency mode.",https://discussions.apple.comhttps://discussions.apple.com/thread/255874307,Neutral
2 weeks ago,Why won't my AirPods 4th Gen pair?,https://discussions.apple.comhttps://discussions.apple.com/thread/255874551,Neutral
2 weeks ago,How to remove old pair of AirPods Pro from account,https://discussions.apple.comhttps://discussions.apple.com/thread/255873926,Positive
2 weeks ago,My AirPods won’t connect,https://discussions.apple.comhttps://discussions.apple.com/thread/255874527,Neutral
2 weeks ago,Can I buy only the Pods for AirPods Pro separately?,https://discussions.apple.comhttps://discussions.apple.com/thread/255874628,Neutral
2 weeks ago,I have a brand new air pods max and when I answer a phone call I can hear the person but they cannot hear me.,https://discussions.apple.comhttps://discussions.apple.com/thread/255873998,Positive
2 weeks ago,Airpod not working and draining case,https://discussions.apple.comhttps://discussions.apple.com/thread/255874097,Neutral
2 weeks ago,apple airpods 2pro will the hearing app be available in Canada?,https://discussions.apple.comhttps://discussions.apple.com/thread/255874556,Positive
,Хрип при громких звуках AirPods Pro 2 2023. Wheezing at loud sounds of AirPods Pro 2 2023,https://discussions.apple.comhttps://discussions.apple.com/thread/255873647,Positive
2 weeks ago,Why won't my AirPod switch modes and plays a drum noise?,https://discussions.apple.comhttps://discussions.apple.com/thread/255874479,Neutral
2 weeks ago,How can I regain the spoken word notification for a phone call through my AirPods?,https://discussions.apple.comhttps://discussions.apple.com/thread/255873325,Neutral
2 weeks ago,I have purchased my air pods on 6th june,https://discussions.apple.comhttps://discussions.apple.com/thread/255874132,Neutral
2 weeks ago,Why are my AirPods not working in Meeting Software?,https://discussions.apple.comhttps://discussions.apple.com/thread/255872212,Neutral
2 weeks ago,AirPods 2 Pro not showing on devices after purchase from Amazon,https://discussions.apple.comhttps://discussions.apple.com/thread/255873930,Neutral
2 weeks ago,Identifying AirPods owner with serial number,https://discussions.apple.comhttps://discussions.apple.com/thread/255873898,Neutral
2 weeks ago,Found airPods on easyJet 29.11.24,https://discussions.apple.comhttps://discussions.apple.com/thread/255867551,Neutral
2 weeks ago,Can I replace the headband on my AirPods Max?,https://discussions.apple.comhttps://discussions.apple.com/thread/255872400,Neutral
2 weeks ago,Why is my AirPod Max not producing any sound?,https://discussions.apple.comhttps://discussions.apple.com/thread/255872632,Positive
2 weeks ago,Will AirPods 4 work on iPhone 7?,https://discussions.apple.comhttps://discussions.apple.com/thread/255873123,Neutral
2 weeks ago,AirPods Max Connection & Sound Issue - Resolved by 3D Audio Calibration (Firmware Version 6F21),https://discussions.apple.comhttps://discussions.apple.com/thread/255831425,Positive
2 weeks ago,AirPod Pro 2 won’t read notifications out on iPhone,https://discussions.apple.comhttps://discussions.apple.com/thread/255873480,Neutral
2 weeks ago,My AirPods Pro bluetooth not working properly,https://discussions.apple.comhttps://discussions.apple.com/thread/255868674,Neutral
2 weeks ago,How to find a AirPod that isn’t playing sound (it’s fine),https://discussions.apple.comhttps://discussions.apple.com/thread/255873405,Positive
2 weeks ago,Where can I find replacement tips for AirPods Pro 1st Gen?,https://discussions.apple.comhttps://discussions.apple.com/thread/255873367,Neutral
2 weeks ago,Unable to setup Find My with AirPods Pro 2,https://discussions.apple.comhttps://discussions.apple.com/thread/255872947,Negative
2 weeks ago,Can’t turn transparency mode off when only using one AirPod,https://discussions.apple.comhttps://discussions.apple.com/thread/255873043,Neutral
2 weeks ago,Airpods loud when phone rings,https://discussions.apple.comhttps://discussions.apple.com/thread/255869844,Positive
2 weeks ago,AirPod pro2 versus 2nd generation,https://discussions.apple.comhttps://discussions.apple.com/thread/255870101,Neutral
2 weeks ago,Transparency Mode activated since last iOS Update 18.1.1,https://discussions.apple.comhttps://discussions.apple.com/thread/255871072,Neutral
2 weeks ago,Right Airpod stopped delivering sound after 3 hours of 1/2 volume,https://discussions.apple.comhttps://discussions.apple.com/thread/255871776,Positive
2 weeks ago,Did the sound of the AirPods Max USB-C version get updated vs the old tuning present on the Lightning version?,https://discussions.apple.comhttps://discussions.apple.com/thread/255872011,Positive
2 weeks ago,"AirPod Pro 2 Hearing Aid Feature, is this still going to be available in the UK?",https://discussions.apple.comhttps://discussions.apple.com/thread/255872595,Positive
2 weeks ago,Airpod Max - how do you know when it is time to change the battery?,https://discussions.apple.comhttps://discussions.apple.com/thread/255872530,Neutral
2 weeks ago,how to disable Airpods Pro location noise,https://discussions.apple.comhttps://discussions.apple.com/thread/255871381,Neutral
2 weeks ago,airpods pro service program sound issues,https://discussions.apple.comhttps://discussions.apple.com/thread/255872276,Positive
2 weeks ago,Why does my AirPod case still show the default name after changing?,https://discussions.apple.comhttps://discussions.apple.com/thread/255870826,Neutral
2 weeks ago,How to remove scratches from my AirPods case?,https://discussions.apple.comhttps://discussions.apple.com/thread/255872171,Neutral
2 weeks ago,Brand new AirPod Pro 2 had someone elses name,https://discussions.apple.comhttps://discussions.apple.com/thread/255871988,Positive
2 weeks ago,My left AirPod has no sound,https://discussions.apple.comhttps://discussions.apple.com/thread/255871995,Negative
2 weeks ago,Why does my AirPods Pro Transparency Mode keep turning off?,https://discussions.apple.comhttps://discussions.apple.com/thread/255765954,Neutral
2 weeks ago,are airpods por 2 the same as airpods pro (2d generation,https://discussions.apple.comhttps://discussions.apple.com/thread/255840261,Neutral
2 weeks ago,AirPods Pro 2 Disconnect / Forced to use case button to reconnect,https://discussions.apple.comhttps://discussions.apple.com/thread/255870457,Negative
2 weeks ago,AirPod Pro earbud improvements?,https://discussions.apple.comhttps://discussions.apple.com/thread/255871547,Neutral
2 weeks ago,My AirPods 2nd gen hinge too tight to close,https://discussions.apple.comhttps://discussions.apple.com/thread/255871639,Negative
2 weeks ago,New AirPods 2 Pro (2024 with hearing aid)Case,https://discussions.apple.comhttps://discussions.apple.com/thread/255871564,Positive
2 weeks ago,Resetting AirPods on iPhone X,https://discussions.apple.comhttps://discussions.apple.com/thread/255871610,Neutral
2 weeks ago,why did apple remove the ability to control airpods with apple watch?,https://discussions.apple.comhttps://discussions.apple.com/thread/255871450,Neutral
,наушники airpods не подключаются к телефону,https://discussions.apple.comhttps://discussions.apple.com/thread/255871512,Neutral
2 weeks ago,wisselen,https://discussions.apple.comhttps://discussions.apple.com/thread/255871427,Neutral
2 weeks ago,ANC Not working on single AirPod.,https://discussions.apple.comhttps://discussions.apple.com/thread/255871136,Negative
2 weeks ago,Airpods as hearing aids make cracking popping sounds,https://discussions.apple.comhttps://discussions.apple.com/thread/255871205,Neutral
2 weeks ago,What is the airpods 4 delivery time to America connecticut?,https://discussions.apple.comhttps://discussions.apple.com/thread/255871251,Neutral
2 weeks ago,Accessing full hearing test chart on Apple Airpod Pro2,https://discussions.apple.comhttps://discussions.apple.com/thread/255871197,Positive
2 weeks ago,Airpods Pro 2 / Macbook Pro - Terrible Sound quality,https://discussions.apple.comhttps://discussions.apple.com/thread/255871035,Negative
2 weeks ago,Airpods 4 ACN - Volume to low on Google Meet,https://discussions.apple.comhttps://discussions.apple.com/thread/255870906,Neutral
2 weeks ago,AirPods Pro 2 Mic Issue on Voice Messages,https://discussions.apple.comhttps://discussions.apple.com/thread/255868276,Neutral
2 weeks ago,airpods won't flash white,https://discussions.apple.comhttps://discussions.apple.com/thread/255870794,Neutral
2 weeks ago,Unable to connect my AirPods as the back button is not working,https://discussions.apple.comhttps://discussions.apple.com/thread/255870567,Negative
2 weeks ago,Why aren't my AirPods showing up in Bluetooth settings?,https://discussions.apple.comhttps://discussions.apple.com/thread/255870334,Neutral
2 weeks ago,I cannot find any tips for my air pods pro 2 that fit my ears. I’ve tried so many different brands and sizes. Anyone else with this problem?,https://discussions.apple.comhttps://discussions.apple.com/thread/255868543,Positive
2 weeks ago,How can I fix muffled sound on AirPods Pro 2?,https://discussions.apple.comhttps://discussions.apple.com/thread/255870389,Positive
2 weeks ago,my left side airpod 2 not charging,https://discussions.apple.comhttps://discussions.apple.com/thread/255870781,Neutral
2 weeks ago,Why is my right AirPod Gen 2 not working?,https://discussions.apple.comhttps://discussions.apple.com/thread/255869987,Positive
2 weeks ago,How to fix Auto-Connect issues between AirPods Pro 2 and Apple Watch?,https://discussions.apple.comhttps://discussions.apple.com/thread/255863236,Neutral
2 weeks ago,How to fix AirPods Pro microphone issues?,https://discussions.apple.comhttps://discussions.apple.com/thread/255870681,Neutral
2 weeks ago,My left AirPod 2nd Gen keeps disconnecting after a few minutes of use,https://discussions.apple.comhttps://discussions.apple.com/thread/255870662,Negative
2 weeks ago,My AirPods Pro 2 doesn't have option of turning of certain features after iOS 18.1.1,https://discussions.apple.comhttps://discussions.apple.com/thread/255863955,Positive
2 weeks ago,How to find my lost AirPods?,https://discussions.apple.comhttps://discussions.apple.com/thread/255870197,Neutral
,Volume issue on my AirPod Max,https://discussions.apple.comhttps://discussions.apple.com/thread/255870351,Neutral
2 weeks ago,Missing 'Take a Hearing Test' option for AirPods on iPhone 13 Pro with iOS 17.7.1,https://discussions.apple.comhttps://discussions.apple.com/thread/255834887,Negative
2 weeks ago,Can I listen to earpods pro 2 and sonos speaker simaltaneously through Samsung oled tv .,https://discussions.apple.comhttps://discussions.apple.com/thread/255870206,Neutral
2 weeks ago,iPhone doesn't ring for incoming call when AirPods are active and in my ears.,https://discussions.apple.comhttps://discussions.apple.com/thread/255870072,Negative
2 weeks ago,Where is normal mode in airpods pro?,https://discussions.apple.comhttps://discussions.apple.com/thread/255838343,Positive
2 weeks ago,How to mark or lock into lost mode?,https://discussions.apple.comhttps://discussions.apple.com/thread/255870017,Neutral
2 weeks ago,How do I know if AirPods are fake or authentic?,https://discussions.apple.comhttps://discussions.apple.com/thread/255868676,Neutral
2 weeks ago,Firmware update for AirPods Pro 2nd Generation,https://discussions.apple.comhttps://discussions.apple.com/thread/255869809,Neutral
2 weeks ago,How can i reconnect my AirPods if I accidentally hit Forget Device,https://discussions.apple.comhttps://discussions.apple.com/thread/255869913,Neutral
2 weeks ago,AirPods Max not producing sound,https://discussions.apple.comhttps://discussions.apple.com/thread/255869891,Positive
2 weeks ago,AirPod Case light not showing despite charging and recent purchase,https://discussions.apple.comhttps://discussions.apple.com/thread/255869712,Positive
2 weeks ago,The left ear of my AirPods Pro (2nd Gen) has stopped working after the recent 7B21 firmware update,https://discussions.apple.comhttps://discussions.apple.com/thread/255869077,Neutral
2 weeks ago,can i charge AirpodsPro with newer AirpodsPro 2 case?,https://discussions.apple.comhttps://discussions.apple.com/thread/255869432,Neutral
2 weeks ago,is the hearing test dosent work in israel?,https://discussions.apple.comhttps://discussions.apple.com/thread/255821684,Neutral
2 weeks ago,High-pitched chirp in my AirpodPro2s in hearing aid mode,https://discussions.apple.comhttps://discussions.apple.com/thread/255836123,Neutral
2 weeks ago,How can I stop Siri workout notifications on AirPods?,https://discussions.apple.comhttps://discussions.apple.com/thread/255834616,Neutral
2 weeks ago,AirPods Pro noise cancellation on produces constant static,https://discussions.apple.comhttps://discussions.apple.com/thread/255869237,Positive
2 weeks ago,AirPods Pro 2 Noise Control Problem,https://discussions.apple.comhttps://discussions.apple.com/thread/255865726,Neutral
2 weeks ago,If I walk past a display of AirPods is it possible for it to connect?,https://discussions.apple.comhttps://discussions.apple.com/thread/255869214,Negative
2 weeks ago,iOS 18 and AirPods Pro 2 - very low ringtone volume,https://discussions.apple.comhttps://discussions.apple.com/thread/255868247,Neutral
2 weeks ago,Options for Airpods Max under AppleCare,https://discussions.apple.comhttps://discussions.apple.com/thread/255868548,Neutral
2 weeks ago,Airpods pro 2 hearing test not on my iPhone 15,https://discussions.apple.comhttps://discussions.apple.com/thread/255868738,Neutral
2 weeks ago,How to track my missing AirPods,https://discussions.apple.comhttps://discussions.apple.com/thread/255868944,Negative
2 weeks ago,Can i sell my airpod cases?,https://discussions.apple.comhttps://discussions.apple.com/thread/255868318,Neutral
2 weeks ago,my left airpod is cracked and the top part is off due to a fall,https://discussions.apple.comhttps://discussions.apple.com/thread/255868614,Positive
2 weeks ago,airpod pro 2 hearing aid feature,https://discussions.apple.comhttps://discussions.apple.com/thread/255868489,Neutral
2 weeks ago,Changing from transparency mode to Active Noise Cancellation with only 1 airpod on windows 11.,https://discussions.apple.comhttps://discussions.apple.com/thread/255868319,Negative
2 weeks ago,Apple ear buds 2nd generation. Fall out when I'm sweating,https://discussions.apple.comhttps://discussions.apple.com/thread/255861534,Neutral
2 weeks ago,iOS 18 and AirPods Pro 2 battery optimisation,https://discussions.apple.comhttps://discussions.apple.com/thread/255868016,Neutral
2 weeks ago,AirPods Pro won’t stay in my ears,https://discussions.apple.comhttps://discussions.apple.com/thread/255868217,Neutral
2 weeks ago,Low charge notification for unknown AirPods,https://discussions.apple.comhttps://discussions.apple.com/thread/255863418,Negative
2 weeks ago,airpods 2 pro when noise cancellation ON bad mic quality,https://discussions.apple.comhttps://discussions.apple.com/thread/255864081,Negative
2 weeks ago,How do I find AirPod 4 case,https://discussions.apple.comhttps://discussions.apple.com/thread/255867057,Neutral
2 weeks ago,My AirPods 2nd Gen flash red light when mismatched,https://discussions.apple.comhttps://discussions.apple.com/thread/255868074,Positive
2 weeks ago,why are my airpod pros automatically switching to transparency mode,https://discussions.apple.comhttps://discussions.apple.com/thread/255828231,Neutral
2 weeks ago,Intermittent charging and connectivity issues with Apple earbuds,https://discussions.apple.comhttps://discussions.apple.com/thread/255868011,Neutral
2 weeks ago,My AirPods are not working on phone calls,https://discussions.apple.comhttps://discussions.apple.com/thread/255843970,Neutral
2 weeks ago,Airpods Pro 2 tip fit.,https://discussions.apple.comhttps://discussions.apple.com/thread/255866597,Positive
2 weeks ago,Airpods 4 charging compatibility with Samsung and iPhone chargers,https://discussions.apple.comhttps://discussions.apple.com/thread/255867978,Neutral
,Spotify not playing with AirPods shortcut,https://discussions.apple.comhttps://discussions.apple.com/thread/255865678,Neutral
,Creating a Spotify shortcut for AirPods connection,https://discussions.apple.comhttps://discussions.apple.com/thread/255866863,Neutral
,не обновляет прошивку,https://discussions.apple.comhttps://discussions.apple.com/thread/255866889,Neutral
,Spotify playlist shortcut for Bluetooth connection in iPhone,https://discussions.apple.comhttps://discussions.apple.com/thread/255867175,Neutral
2 weeks ago,Game sound problem after upgrading to ios18,https://discussions.apple.comhttps://discussions.apple.com/thread/255866820,Neutral
2 weeks ago,Can I ship my AirPods for repair without AppleCare?,https://discussions.apple.comhttps://discussions.apple.com/thread/255867354,Neutral
2 weeks ago,AirPod Pro 2 Not staying in my ears !,https://discussions.apple.comhttps://discussions.apple.com/thread/255864379,Neutral
2 weeks ago,Audio cable for AirPod max with c connector,https://discussions.apple.comhttps://discussions.apple.com/thread/255867309,Neutral
2 weeks ago,AirPods infrared port to detect if headset(pod) is in the right 📦 box(case).,https://discussions.apple.comhttps://discussions.apple.com/thread/255867343,Positive
2 weeks ago,Can’t track my AirPods as they are not listed in FindMy,https://discussions.apple.comhttps://discussions.apple.com/thread/255867241,Neutral
2 weeks ago,Why won’t my Powerbeats Pro hold a charge longer than 40 minutes?,https://discussions.apple.comhttps://discussions.apple.com/thread/255867373,Neutral
2 weeks ago,Annoying chime sound from AirPods Pro 2. gen case,https://discussions.apple.comhttps://discussions.apple.com/thread/255867378,Negative
2 weeks ago,Spacial Audio Not Working,https://discussions.apple.comhttps://discussions.apple.com/thread/255867389,Neutral
2 weeks ago,Applecare+ coverage airpods pro (2nd gen),https://discussions.apple.comhttps://discussions.apple.com/thread/255867464,Neutral
2 weeks ago,AirPods4 doesn't fit my ears,https://discussions.apple.comhttps://discussions.apple.com/thread/255866850,Positive
2 weeks ago,AirPods Pro 2 while on Transparency Mode flickers,https://discussions.apple.comhttps://discussions.apple.com/thread/255867324,Neutral
2 weeks ago,Issue with Resetting AirPods Pro 2 Case and Connecting a Replacement Earbud,https://discussions.apple.comhttps://discussions.apple.com/thread/255866287,Neutral
2 weeks ago,iPhone won't play Spotify Playlist when connected to AirPods,https://discussions.apple.comhttps://discussions.apple.com/thread/255867302,Neutral
2 weeks ago,Play music whenever connect AirPods,https://discussions.apple.comhttps://discussions.apple.com/thread/255865917,Neutral
2 weeks ago,AirPods sound is very faint.,https://discussions.apple.comhttps://discussions.apple.com/thread/255867124,Negative
2 weeks ago,What is the latest firmware for AirPods Pro 2 USB-C?,https://discussions.apple.comhttps://discussions.apple.com/thread/255864259,Positive
2 weeks ago,AirPods case not charging. How can I get it replaced?,https://discussions.apple.comhttps://discussions.apple.com/thread/255864953,Neutral
2 weeks ago,How can I verify my AirPods are genuine?,https://discussions.apple.comhttps://discussions.apple.com/thread/255866622,Positive
2 weeks ago,1st Gen AirPods Pro Won't Update Firmware,https://discussions.apple.comhttps://discussions.apple.com/thread/255866626,Neutral
3 weeks ago,iPhone refuses to connect to AirPods,https://discussions.apple.comhttps://discussions.apple.com/thread/255866868,Neutral
3 weeks ago,The battery AirPods first generation runs out quickly.,https://discussions.apple.comhttps://discussions.apple.com/thread/255866976,Positive
3 weeks ago,Account charged - no confirmation email or nothing,https://discussions.apple.comhttps://discussions.apple.com/thread/255866908,Neutral
3 weeks ago,AirPod case not charging despite full charge,https://discussions.apple.comhttps://discussions.apple.com/thread/255865916,Positive
3 weeks ago,AirPods Pro compatibility with hearing aids,https://discussions.apple.comhttps://discussions.apple.com/thread/255866725,Neutral
3 weeks ago,AirPods Max not able to connect,https://discussions.apple.comhttps://discussions.apple.com/thread/255866557,Negative
3 weeks ago,AirPods models with as similar fit to 1st gen AirPods,https://discussions.apple.comhttps://discussions.apple.com/thread/255866331,Positive
3 weeks ago,AirPod pro 2 - do I have the correct AirPods?,https://discussions.apple.comhttps://discussions.apple.com/thread/255866431,Neutral
3 weeks ago,Life of AirPods Q,https://discussions.apple.comhttps://discussions.apple.com/thread/255865341,Neutral
3 weeks ago,AirPods not connecting,https://discussions.apple.comhttps://discussions.apple.com/thread/255866363,Neutral
3 weeks ago,FindMy on AirPod Pros 2 doesn't work,https://discussions.apple.comhttps://discussions.apple.com/thread/255857242,Neutral
3 weeks ago,My probuds v2 are connected to my phone but won’t show up in find my app? What should I do?,https://discussions.apple.comhttps://discussions.apple.com/thread/255865889,Neutral
3 weeks ago,people on the phone can’t hear me with airpods,https://discussions.apple.comhttps://discussions.apple.com/thread/255865735,Neutral
3 weeks ago,Can I exchange the AirPods4 to AirPods4 with anc in the store,https://discussions.apple.comhttps://discussions.apple.com/thread/255866018,Neutral
3 weeks ago,I have lost my airpods,https://discussions.apple.comhttps://discussions.apple.com/thread/255865858,Neutral
3 weeks ago,Can I Disable AirPods Pro 2 Touch Control?,https://discussions.apple.comhttps://discussions.apple.com/thread/255862735,Neutral
3 weeks ago,Microphone on Airpods 2 not working,https://discussions.apple.comhttps://discussions.apple.com/thread/255865313,Neutral
3 weeks ago,will airpods 4 work on Iphone X,https://discussions.apple.comhttps://discussions.apple.com/thread/255865522,Neutral
3 weeks ago,Connecting Beats studio buds to Google I pixel phone,https://discussions.apple.comhttps://discussions.apple.com/thread/255862675,Neutral
3 weeks ago,Need to cancel AirPod Pro replacement order,https://discussions.apple.comhttps://discussions.apple.com/thread/255865124,Neutral
3 weeks ago,Can’t reconnect AirPods to iPhone 11. What button do I hold?,https://discussions.apple.comhttps://discussions.apple.com/thread/255864789,Neutral
3 weeks ago,"Persistent issue with choppy Transparency mode on my 3rd pair of AirPods Pro, anyone else experienced this or have a fix?",https://discussions.apple.comhttps://discussions.apple.com/thread/255864812,Positive
3 weeks ago,Can AirPods Pro be used with a different brand phone?,https://discussions.apple.comhttps://discussions.apple.com/thread/255864944,Neutral
3 weeks ago,Is the AirPods Pro Gen 2 charging case compatible with AirPods Gen 1?,https://discussions.apple.comhttps://discussions.apple.com/thread/255864807,Neutral
3 weeks ago,Are These AirPods Pro 2 Fake?,https://discussions.apple.comhttps://discussions.apple.com/thread/255864830,Negative
3 weeks ago,AirPods only work one at a time,https://discussions.apple.comhttps://discussions.apple.com/thread/255864782,Neutral
3 weeks ago,Why is the volume so low on my AirPods Pro?,https://discussions.apple.comhttps://discussions.apple.com/thread/255862595,Neutral
3 weeks ago,Why can't I turn off Transparency Mode on AirPods Pro 2?,https://discussions.apple.comhttps://discussions.apple.com/thread/255864103,Neutral
3 weeks ago,Will AirPods Pro 2nd gen pads go with AirPods 1st gen?,https://discussions.apple.comhttps://discussions.apple.com/thread/255864657,Neutral
3 weeks ago,Why won't my AirPod Max connect to Bluetooth?,https://discussions.apple.comhttps://discussions.apple.com/thread/255864372,Neutral
3 weeks ago,AirPods Max not charging or resetting after Apple repair,https://discussions.apple.comhttps://discussions.apple.com/thread/255864492,Neutral
3 weeks ago,czy moje airpods 2 pro są orginalnej produkcji,https://discussions.apple.comhttps://discussions.apple.com/thread/255862376,Neutral
3 weeks ago,I am in Canada but can I buy something through Apple.in ?,https://discussions.apple.comhttps://discussions.apple.com/thread/255864608,Neutral
3 weeks ago,"My AirPods Pro 2 warranty shows active, but the third-party case warranty is expired",https://discussions.apple.comhttps://discussions.apple.com/thread/255862223,Negative
3 weeks ago,AirPods Pro 2 battery case is always showing connected to iPhone,https://discussions.apple.comhttps://discussions.apple.com/thread/255863960,Neutral
3 weeks ago,Microphone on airpods 2 is not working,https://discussions.apple.comhttps://discussions.apple.com/thread/255859877,Neutral
3 weeks ago,airpods pro gen 1 case will not charge,https://discussions.apple.comhttps://discussions.apple.com/thread/255863970,Neutral
3 weeks ago,"Will Apple replace my AirPods Pro for a fee if I lose them? In any country (Peru, Ecuador, Spain)? if I have AppleCare?”",https://discussions.apple.comhttps://discussions.apple.com/thread/255863980,Neutral
3 weeks ago,"po aktualizacji IOS 18.1.1 moje Air pods pro 2 maja tylko opcje trybu kontaktu, adaptacyjny i redukcja halasu bez opcji wylaczenia ich",https://discussions.apple.comhttps://discussions.apple.com/thread/255863783,Neutral
3 weeks ago,I have air pods pro 2 they don’t have right and left on them fake's?,https://discussions.apple.comhttps://discussions.apple.com/thread/255863722,Negative
3 weeks ago,Low volume on AirPods 4 during MS Teams and Zoom calls,https://discussions.apple.comhttps://discussions.apple.com/thread/255863336,Neutral
3 weeks ago,AirPods Pro with electric current sound in Shanghai,https://discussions.apple.comhttps://discussions.apple.com/thread/255863532,Positive
3 weeks ago,AirPod case not charging,https://discussions.apple.comhttps://discussions.apple.com/thread/255862878,Neutral
3 weeks ago,Airpods gen 2 flashing light,https://discussions.apple.comhttps://discussions.apple.com/thread/255863051,Positive
3 weeks ago,после обновления на  ios 18.1 пропал параметр «Использовать аудиограмму»,https://discussions.apple.comhttps://discussions.apple.com/thread/255848204,Neutral
3 weeks ago,can a fake pair of airpod max pass the serial number check and how is jt my fault if apple claim they are real,https://discussions.apple.comhttps://discussions.apple.com/thread/255863129,Negative
3 weeks ago,New AirPods Pro 2 have strange statement as a name out of the box,https://discussions.apple.comhttps://discussions.apple.com/thread/255862980,Positive
3 weeks ago,AirPods pro not announcing calls like before,https://discussions.apple.comhttps://discussions.apple.com/thread/255851923,Neutral
3 weeks ago,Airpods 1st gen won't connect to iPhone,https://discussions.apple.comhttps://discussions.apple.com/thread/255862822,Neutral
3 weeks ago,I can't hear calls on my AirPods Pro 2,https://discussions.apple.comhttps://discussions.apple.com/thread/255860526,Neutral
3 weeks ago,Incoming phone call ring on both AirPods and phone speakers,https://discussions.apple.comhttps://discussions.apple.com/thread/255862052,Neutral
3 weeks ago,The sound during incoming in my AirPods pro 2 is very low that I can’t hear who the caller is,https://discussions.apple.comhttps://discussions.apple.com/thread/255861022,Positive
3 weeks ago,AirPods randomly syncing with family member's device,https://discussions.apple.comhttps://discussions.apple.com/thread/255862207,Negative
3 weeks ago,Why do my AirPods keep showing up during calls?,https://discussions.apple.comhttps://discussions.apple.com/thread/255850519,Neutral
3 weeks ago,AirPods Pro 2 static noise with iPhone 16 Pro,https://discussions.apple.comhttps://discussions.apple.com/thread/255861927,Positive
3 weeks ago,Difference between AirPods Pro 2nd Generation and AirPods Pro 2,https://discussions.apple.comhttps://discussions.apple.com/thread/255861858,Neutral
3 weeks ago,Why are my AirPods blinking orange,https://discussions.apple.comhttps://discussions.apple.com/thread/255861881,Neutral
3 weeks ago,AirPods 4 ANC sound output is very low and muffled,https://discussions.apple.comhttps://discussions.apple.com/thread/255860776,Positive
3 weeks ago,iOS 18: AirPods won’t auto restart music after announcing a notification,https://discussions.apple.comhttps://discussions.apple.com/thread/255825387,Neutral
3 weeks ago,AirPods Pro 2 drops hearing assistance,https://discussions.apple.comhttps://discussions.apple.com/thread/255858142,Neutral
3 weeks ago,How can I repair/replace a broken AirPods case?,https://discussions.apple.comhttps://discussions.apple.com/thread/255861073,Negative
3 weeks ago,FindMy won't add my new Airpod4,https://discussions.apple.comhttps://discussions.apple.com/thread/255861113,Positive
3 weeks ago,Hearing Health doesn't show in Airpod Pro settings,https://discussions.apple.comhttps://discussions.apple.com/thread/255859592,Neutral
3 weeks ago,Airpods not connecting to any devices,https://discussions.apple.comhttps://discussions.apple.com/thread/255860946,Neutral
3 weeks ago,bluetooth automatically connecting to wrong device,https://discussions.apple.comhttps://discussions.apple.com/thread/255860896,Negative
3 weeks ago,AirPods Max Microphone Not Working,https://discussions.apple.comhttps://discussions.apple.com/thread/255860847,Neutral
3 weeks ago,Phone calls on AirPod Pros 2 cutting out,https://discussions.apple.comhttps://discussions.apple.com/thread/255860832,Negative
